delta_t_s,raw_x_error,x_pdf_pt,y_pdf_pt
1.007743288228217581e-06,2.704755609514892800e-01,7.240229582606616532e+01,2.175000547043079848e+02
1.599130171435895453e-05,2.743667794995674480e-01,7.460932104632220785e+01,2.164414638942899956e+02
3.100137915611767952e-05,2.773390380032171865e-01,7.682025242389033792e+01,2.156328725756359859e+02
4.601145659855386484e-05,2.797082298699405389e-01,7.903118380155825662e+01,2.149883431804619818e+02
6.099501387838332750e-05,2.837573945010881116e-01,8.123820885296817096e+01,2.138867837553559923e+02
7.600509131473775527e-05,2.915398309765629414e-01,8.344914022974026580e+01,2.117696023041739863e+02
9.101516875567369617e-05,2.952443857462203058e-01,8.566007160718720570e+01,2.107617926461159925e+02
1.059987271715928349e-04,3.082246853566744660e-01,8.786709682593911452e+01,2.072305528277579754e+02
1.210088046071243804e-04,3.167394174774753046e-01,9.007802820259000498e+01,2.049141532060259863e+02
1.359923618845663214e-04,3.229136748062226836e-01,9.228505325364824330e+01,2.032344706114499786e+02
1.510024393197430346e-04,3.317442997138440042e-01,9.449598463024686623e+01,2.008321335906879881e+02
1.660125167501446774e-04,3.448251106373463881e-01,9.670691600614213712e+01,1.972735500621319886e+02
1.809960751671123346e-04,3.568720925970595426e-01,9.891394122504848951e+01,1.939962156658659751e+02
1.960061526044830122e-04,3.637499278757815313e-01,1.011248726019702815e+02,1.921251274376119795e+02
2.109897110193374237e-04,3.776779046053339028e-01,1.033318978205653593e+02,1.883360757598719886e+02
2.259997884516426545e-04,3.890643845374178733e-01,1.055428291967410246e+02,1.852384283608299711e+02
2.409833457286649958e-04,3.956119694230068040e-01,1.077498542477374599e+02,1.834571834623340010e+02
2.559934231598732851e-04,4.079748435488588232e-01,1.099607856237515477e+02,1.800939118358919870e+02
2.710035005984378319e-04,4.137901327891218006e-01,1.121717170008491848e+02,1.785118851079460001e+02
2.860135780301299464e-04,4.257222445881109207e-01,1.143826483769345401e+02,1.752658006903139949e+02
3.009971364509693437e-04,4.343231291742843947e-01,1.165896735964111883e+02,1.729259636268199927e+02
3.160072138891790311e-04,4.404543105806861814e-01,1.188006049734565579e+02,1.712579996686980053e+02
3.309907711645074420e-04,4.485095632999545057e-01,1.210076300242034790e+02,1.690665996237939908e+02
3.460008486012168647e-04,4.559761069886088536e-01,1.232185614010278698e+02,1.670353555716419862e+02
3.609844070253794500e-04,4.616190919188082331e-01,1.254255866209940109e+02,1.655002035583659961e+02
3.759944844642503924e-04,4.671615649152778271e-01,1.276365179981367817e+02,1.639923954241419892e+02
3.910045619085902673e-04,4.678364257905826551e-01,1.298474493760851090e+02,1.638088021584819955e+02
4.060146393437831080e-04,4.766526912298467145e-01,1.320583807526861051e+02,1.614103715750100037e+02
4.209981966240642628e-04,4.802998106088014474e-01,1.342654058041625547e+02,1.604181869906959719e+02
4.360082740641450664e-04,4.847653787191361641e-01,1.364763371814835295e+02,1.592033466252159997e+02
4.509918324924377031e-04,4.867325259543480165e-01,1.386833624020580089e+02,1.586681919019799807e+02
4.660019099354708433e-04,4.885704441811601906e-01,1.408942937798138644e+02,1.581681934258139961e+02
4.809854672182685940e-04,4.899776007017911383e-01,1.431013188316609899e+02,1.577853819896039909e+02
4.959955446616888487e-04,4.914709096877947214e-01,1.453122502094738593e+02,1.573791331116319725e+02
5.110056221046089609e-04,4.934093392276550638e-01,1.475231815872130596e+02,1.568517909252680056e+02
5.260156995487068419e-04,4.942995809560506437e-01,1.497341129651257461e+02,1.566096041396299938e+02
5.409992579786608016e-04,4.947877780529347236e-01,1.519411381859449364e+02,1.564767920259299672e+02
5.560093354229362749e-04,4.955200736982607324e-01,1.541520695638837708e+02,1.562775738553799840e+02
5.709928927071537342e-04,4.956636609336545485e-01,1.563590946159400232e+02,1.562385115087279814e+02
5.860029701503318865e-04,4.973723513934302787e-01,1.585700259937172234e+02,1.557736689419239724e+02
6.009865285804472839e-04,4.977169606342389807e-01,1.607770512145602027e+02,1.556799193437299778e+02
6.159966060264649617e-04,4.968985125235403366e-01,1.629879825927556567e+02,1.559025749560419740e+02
6.310066834701112725e-04,4.981907995041288673e-01,1.651989139706018079e+02,1.555510133296119761e+02
6.459902407512634753e-04,5.010625466947302709e-01,1.674059390222065531e+02,1.547697657211559772e+02
6.610003181984102413e-04,4.992389873155939073e-01,1.696168704005683310e+02,1.552658579288859642e+02
6.759838766265250688e-04,5.013640806338750533e-01,1.718238956211166339e+02,1.546877345905620018e+02
6.909939540733817023e-04,4.997989780301747009e-01,1.740348269994356656e+02,1.551135146418599788e+02
7.059775113562760012e-04,5.011199820854330689e-01,1.762418520512970304e+02,1.547541406474119867e+02
7.209875888043587588e-04,4.984636151272405780e-01,1.784527834297966535e+02,1.554767949047439970e+02
7.359976662473432726e-04,5.003446098970798506e-01,1.806637148075453467e+02,1.549650776232699911e+02
7.510077436915540191e-04,5.011343409331088239e-01,1.828746461854746599e+02,1.547502343789759891e+02
7.659913021234442555e-04,4.998994893432229247e-01,1.850816714065790336e+02,1.550861709316619965e+02
7.810013795680420621e-04,5.003446098970798506e-01,1.872926027845653607e+02,1.549650776232699911e+02
7.959849368530014409e-04,4.998276957255260999e-01,1.894996278367308946e+02,1.551057021049879836e+02
8.109950142973091150e-04,5.005312736755007652e-01,1.917105592146744755e+02,1.549142964713099673e+02
8.260050917426813672e-04,5.002871751270586698e-01,1.939214905927748589e+02,1.549807025281600090e+02
8.409886501740713527e-04,4.994974447117115357e-01,1.961285158138055635e+02,1.551955456035999816e+02
8.559987276157977583e-04,5.024984209107126176e-01,1.983394471913689472e+02,1.543791417480740051e+02
8.710088050635573153e-04,5.001292290439891541e-01,2.005503785698209924e+02,1.550236711432480092e+02
8.859923623501139408e-04,4.981907995041288673e-01,2.027574036222218012e+02,1.555510133296119761e+02
9.010024397931633983e-04,5.000143588832652863e-01,2.049683349999800157e+02,1.550549211218819892e+02
9.159859982246662492e-04,4.991241171548698174e-01,2.071753602210273755e+02,1.552971079075200009e+02
9.309960756678440762e-04,5.008328069939639304e-01,2.093862915988045472e+02,1.548322655095699929e+02
9.460061531158301231e-04,4.982625931218256921e-01,2.115972229772899311e+02,1.555314821562859890e+02
9.609897103982729602e-04,4.999856418085955601e-01,2.138042480290847607e+02,1.550627334898999834e+02
9.759997878424029336e-04,5.008471658416397965e-01,2.160151794070021936e+02,1.548283592411339669e+02
9.910098652884365492e-04,5.000143588832652863e-01,2.182261107852000066e+02,1.550549211218819892e+02
1.005993423721342900e-03,4.978749067173083853e-01,2.204331360064540775e+02,1.556369507286419775e+02
1.021003501164989427e-03,4.991671936978969715e-01,2.226440673843002287e+02,1.552853891022119797e+02
1.035987058450722927e-03,4.979610591826809096e-01,2.248510924365798189e+02,1.556135132868799928e+02
1.050997135893514236e-03,5.000143588832652863e-01,2.270620238143000051e+02,1.550549211218819892e+02
1.065980694326275303e-03,4.980041357257080636e-01,2.292690490355327029e+02,1.556017944815719716e+02
1.080990771770147128e-03,4.990954000802000357e-01,2.314799804134121075e+02,1.553049202755379952e+02
1.096000849215131995e-03,4.991959107725667533e-01,2.336909117914554201e+02,1.552775767341939854e+02
1.110984406499833984e-03,4.989087363017791765e-01,2.358979368435830111e+02,1.553557014274979906e+02
1.125994483943140723e-03,5.005025559801493662e-01,2.381088682213791969e+02,1.549221090081819909e+02
1.140978042376837457e-03,4.976595258642176889e-01,2.403158934427496831e+02,1.556955442486199956e+02
1.155988119819774266e-03,4.995835971770841155e-01,2.425268248204912993e+02,1.551721081618379685e+02
1.170998197262678115e-03,5.015363855646202129e-01,2.447377561982281406e+02,1.546408597070379756e+02
1.186008274709034714e-03,5.004164035147766754e-01,2.469486875764735032e+02,1.549455464499440041e+02
1.200991833141908539e-03,4.983056690441711734e-01,2.491557127977227708e+02,1.555197635198319972e+02
1.216001910585570896e-03,4.995835971770841155e-01,2.513666441755713095e+02,1.551721081618379685e+02
1.230985467870481919e-03,4.991097583071941735e-01,2.535736692277297095e+02,1.553010141759559701e+02
1.245995545312595168e-03,5.017661252653865533e-01,2.557846006053501071e+02,1.545783599186239883e+02
1.260979103745421071e-03,4.996984667171264216e-01,2.579916258265922693e+02,1.551408583520579896e+02
1.275989181186986147e-03,5.028430307722028259e-01,2.602025572041318924e+02,1.542853919810260095e+02
1.290999258634729875e-03,5.004881977531552284e-01,2.624134885825815786e+02,1.549260151077639875e+02
1.305982815922609444e-03,4.973723513934302787e-01,2.646205136351772467e+02,1.557736689419239724e+02
1.320992893364948640e-03,4.998276957255260999e-01,2.668314450128308977e+02,1.551057021049879836e+02
1.336002970812079143e-03,4.980184945733836521e-01,2.690423763911902597e+02,1.555978882131360024e+02
1.350986529240807629e-03,4.995979554040781423e-01,2.712494016118289437e+02,1.551682020622560003e+02
1.365996606686179990e-03,4.993538568556361579e-01,2.734603329899293271e+02,1.552346081191059852e+02
1.380980163968477652e-03,5.012061345508056487e-01,2.756673580417028120e+02,1.547307032056500020e+02
1.395990241414479067e-03,5.004020452877827596e-01,2.778782894198958502e+02,1.549494525495259722e+02
1.411000318862883941e-03,4.974585038588027475e-01,2.800892207984429660e+02,1.557502315001619877e+02
1.425983877291757277e-03,4.989087363017791765e-01,2.822962460191029663e+02,1.553557014274979906e+02
1.440993954734370776e-03,5.011199820854330689e-01,2.845071773967970330e+02,1.547541406474119867e+02
1.456004032179985348e-03,5.006605020632188818e-01,2.867181087749331141e+02,1.548791403930939907e+02
1.470987589467025744e-03,4.982913101964955849e-01,2.889251338274051477e+02,1.555236697882679664e+02
1.485997666910817121e-03,4.994543681686844927e-01,2.911360652052727005e+02,1.552072644089079745e+02
1.500000001168073048e-03,5.021107351268767616e-01,2.931985595720530569e+02,1.544846101515759926e+02
