frequency,psd
1.246650400394279323e+01,1.191166052524732426e+06
1.444024188595452074e+01,7.588739287619042443e+05
1.672646843565175701e+01,2.632160959694741759e+05
1.937465788581982551e+01,6.883315450613728026e+05
2.244211739236355996e+01,1.299828242553011078e+05
2.599522716843654990e+01,1.521030100208713266e+05
3.011087696068116770e+01,3.426786858029380528e+04
3.487812995310745379e+01,2.183154229815853978e+04
4.040015010570225229e+01,1.692234786353132949e+04
4.679643463562064198e+01,5.869531381244202748e+03
5.420539995213584916e+01,4.124679343608632735e+03
6.278737700530891175e+01,2.732897176137780662e+03
7.272808086810289296e+01,1.761697546296295332e+04
8.424262963413922023e+01,5.921688248181471863e+02
9.758019960055459308e+01,7.794795123308842903e+02
1.130294174747050278e+02,3.848305057003124148e+02
1.309246062927559251e+02,5.811040058908158699e+02
1.516530202126291726e+02,5.269545641694390952e+02
1.756632247431446103e+02,1.709838781639368790e+03
2.034748037585790144e+02,3.703980335144667606e+02
2.356896033596695474e+02,1.445169569621119763e+02
2.730047558996416228e+02,6.417812164233815793e+02
3.162277660168379612e+02,4.285754178530096681e+01
3.662939851376093543e+02,3.736894037607476093e+01
4.242868525999296594e+02,7.425839991348665592e+01
4.914613414182184101e+02,6.474841073926323531e+01
5.692711160586989081e+02,2.159415172372522562e+01
6.593999899229987705e+02,2.036531935402682691e+01
7.637983632839308257e+02,2.203289242415095117e+01
8.847254301950118816e+02,2.629306657540169923e+01
1.024798067736598568e+03,2.735179011286875905e+01
1.187047465568135294e+03,1.579769200189196354e+01
1.374984721257206047e+03,3.774822971135241012e+00
1.592676820876663896e+03,5.007983728467660933e-01
1.844834649099563876e+03,7.926659759312440490e-02
2.136914933341559845e+03,2.048635594498535856e-02
2.475238328034960887e+03,4.992126118309216098e-03
2.867126194393073547e+03,3.373156851393982209e-03
3.321059035596346803e+03,1.423502461567434764e-03
3.846860015957855467e+03,2.773799966918915998e-03
4.455907535446154725e+03,3.651188909144886200e-03
5.161381459705117777e+03,4.443466580360568713e-03
5.978548334019759750e+03,5.199645766063044731e-03
6.925091753294398586e+03,8.559272255983591459e-04
8.021495037291361768e+03,8.628846330425375124e-05
9.291484492271179988e+03,2.934794238178843452e-05
1.076254285127224284e+04,3.817913548076699600e-06
1.246650400394280587e+04,1.643106311454258594e-06
1.444024188595450505e+04,1.067531936755234229e-06
1.672646843565177187e+04,3.927148733369990152e-07
1.937465788581980451e+04,6.167334479727945242e-07
2.244211739236353606e+04,7.654256379229029005e-07
2.599522716843657690e+04,2.739519748267287859e-06
3.011087696068118385e+04,7.964458578437973023e-07
3.487812995310746919e+04,3.231782827814234967e-07
4.040015010570229060e+04,5.532749749932746359e-08
4.679643463562057150e+04,1.595936820625883803e-07
5.420539995213587827e+04,5.645161783136116536e-08
6.278737700530894654e+04,2.382308931444963893e-08
7.272808086810288660e+04,1.920481176170556284e-08
8.424262963413927355e+04,1.223509595647727586e-08
9.758019960055463889e+04,7.206645420127243947e-09
1.130294174747047946e+05,4.591245117819058509e-09
1.309246062927559105e+05,4.003261921069129246e-09
1.516530202126291697e+05,2.500883395255357354e-09
1.756632247431446158e+05,2.501509646782469529e-09
2.034748037585790153e+05,1.593674072112803615e-09
2.356896033596695343e+05,9.762500226085290551e-10
2.730047558996416628e+05,7.717118074753010620e-10
3.162277660168379080e+05,5.981792526675061686e-10
3.662939851376093575e+05,4.458325484033591653e-10
4.242868525999296689e+05,3.388676293697450130e-10
4.914613414182184497e+05,2.428481139111971759e-10
5.692711160586989718e+05,1.919679924079523350e-10
6.593999899229988223e+05,1.641324535203949303e-10
7.637983632839308120e+05,8.594347523176619656e-11
8.847254301950136432e+05,7.065497943039240736e-11
1.024798067736598430e+06,5.585175991870171783e-11
1.187047465568134096e+06,3.489123163321939434e-11
1.374984721257206053e+06,3.042284508713420174e-11
1.592676820876663784e+06,2.312374327599111429e-11
1.844834649099561851e+06,1.362021345553051438e-11
2.136914933341564145e+06,1.164526973422210453e-11
2.475238328034961130e+06,8.679405478040912512e-12
2.867126194393070880e+06,6.468899490654728460e-12
3.321059035596343223e+06,4.821374082137997589e-12
3.846860015957855619e+06,3.257780479273106144e-12
4.455907535446159542e+06,2.334675183934291307e-12
5.161381459705122747e+06,2.159054751753837054e-12
5.978548334019759670e+06,1.609177981055523357e-12
6.925091753294405527e+06,1.488131364192951968e-12
8.021495037291353568e+06,1.109128067378646259e-12
